doctor_id,doctor_name,specialty,branch_id,days,time_from,time_to,phone,email,experience_years,qualifications,notes
DOC001,د. أحمد محمد العلي,طب الأسنان,BD1,السبت-الأربعاء,09:00,17:00,0501234567,ahmed.ali@bluedeem.com,15,دكتوراه طب الأسنان,متخصص في زراعة الأسنان
DOC002,د. فاطمة خالد السالم,طب الجلدية,BD1,الأحد-الخميس,10:00,18:00,0502345678,fatima.salem@bluedeem.com,12,دكتوراه طب الجلدية,متخصصة في علاج البشرة
DOC003,د. محمد عبدالله النجار,طب الأطفال,BD2,السبت-الأربعاء,08:00,16:00,0503456789,mohammed.najjar@bluedeem.com,20,دكتوراه طب الأطفال,خبرة واسعة في طب الأطفال
DOC004,د. سارة أحمد المطيري,طب النساء والولادة,BD2,الأحد-الخميس,09:00,17:00,0504567890,sara.mutairi@bluedeem.com,10,دكتوراه طب النساء والولادة,متخصصة في الولادة الطبيعية
DOC005,د. خالد سعد الدوسري,طب العظام,BD1,السبت-الأربعاء,10:00,18:00,0505678901,khalid.dosari@bluedeem.com,18,دكتوراه طب العظام,جراح عظام متخصص

