service_id,service_name,specialty,description,price_sar,price_range,available_branch_ids,duration_minutes,preparation_required,popular
SRV001,فحص الأسنان الشامل,طب الأسنان,فحص شامل للأسنان واللثة مع تنظيف,300,250-350,BD1,45,نعم,نعم
SRV002,زراعة الأسنان,طب الأسنان,زراعة سن واحد مع التاج,5000,4500-6000,BD1,120,نعم,نعم
SRV003,فحص الجلدية,طب الجلدية,فحص شامل للبشرة وتشخيص المشاكل,250,200-300,BD1,30,لا,نعم
SRV004,علاج حب الشباب,طب الجلدية,جلسة علاج حب الشباب بالليزر,800,700-900,BD1,60,نعم,نعم
SRV005,فحص الأطفال,طب الأطفال,فحص شامل للأطفال مع التطعيمات,200,150-250,BD2,30,لا,نعم
SRV006,استشارة نسائية,طب النساء والولادة,استشارة نسائية شاملة,350,300-400,BD2,45,لا,نعم
SRV007,فحص العظام,طب العظام,فحص شامل للعظام والمفاصل,400,350-450,BD1,45,لا,نعم
SRV008,جراحة العظام,طب العظام,جراحة بسيطة للعظام,5000,4000-6000,BD1,180,نعم,لا

